avg_delay_per_month.month,avg_delay_per_month.avg_arr_delay
9,2.455787309
4,4.622963163
10,6.01332513
3,6.095840447
2,7.963299327
11,8.123685755
8,9.795462181
1,10.00592635
5,10.99449104
7,12.64887989
12,13.59526922
6,14.98999123
