avg_delay_per_day_of_week.day_of_week,avg_delay_per_day_of_week.avg_arr_delay
6,4.086616265649422
2,7.68899829557026
7,8.91998203602683
3,9.471088426087716
1,10.34847059998138
4,10.683255728366616
5,10.820945475384132
