avg_delay_per_hour.hour,avg_delay_per_hour.avg_arr_delay
10,2.56494763325727
11,3.0019202807278065
12,3.617495598691663
13,5.13030911931563
14,6.4093768336766255
15,7.182790603510224
16,9.034726254516837
17,9.05989039694023
18,11.627478381376012
19,13.971874366020545
20,15.266751210233023
21,20.256964459405552
22,25.21055392207562
23,35.938612689818385
